
<hibernate-configuration>
    <session-factory>
        <property name="hibernate.connection.driver_class">oracle.jdbc.OracleDriver</property>
        <property name="hibernate.connection.url">jdbc:oracle:thin:@calvin.humber.ca:1521:grok</property>
        <property name="hibernate.connection.username">n01680074</property>
        <property name="hibernate.connection.password">oracle</property>
        <property name="hibernate.dialect">org.hibernate.dialect.Oracle12cDialect</property>
        <property name="hibernate.hbm2ddl.auto">update</property>
        <property name="jakarta.persistence.schema-generation.database.action">none</property>
        <property name="hibernate.temp.use_jdbc_metadata_defaults">false</property>
        <property name="hibernate.archive.autodetection">class, hbm</property>
        <property name="hibernate.show_sql">true</property>
        <property name="hibernate.format_sql">true</property>
        
        <!-- Entity classes -->
		<mapping class="com.vehiclemaintenance.entity.Role"/>
        <mapping class="com.vehiclemaintenance.entity.Users"/>
        <mapping class="com.vehiclemaintenance.entity.Customer"/>
        <mapping class="com.vehiclemaintenance.entity.Vehicle"/>
        <mapping class="com.vehiclemaintenance.entity.Mechanic"/>
        <mapping class="com.vehiclemaintenance.entity.ServiceRecord"/>
        <mapping class="com.vehiclemaintenance.entity.UserMechanicMapping"/>
        <!-- Add other entity mappings as needed -->
    </session-factory>
</hibernate-configuration>