--------------------------------------------------------
--  File created - Monday-April-21-2025   
--------------------------------------------------------
--------------------------------------------------------
--  DDL for Table CUSTOMERS
--------------------------------------------------------

  CREATE TABLE "CUSTOMERS" 
   (	"CUSTOMERID" NUMBER, 
	"NAME" VARCHAR2(50 BYTE), 
	"EMAIL" VARCHAR2(100 BYTE), 
	"PHONE" VARCHAR2(20 BYTE)
   ) SEGMENT CREATION IMMEDIATE 
  PCTFREE 10 PCTUSED 40 INITRANS 1 MAXTRANS 255 
 NOCOMPRESS LOGGING
  STORAGE(INITIAL 65536 NEXT 1048576 MINEXTENTS 1 MAXEXTENTS 2147483645
  PCTINCREASE 0 FREELISTS 1 FREELIST GROUPS 1
  BUFFER_POOL DEFAULT FLASH_CACHE DEFAULT CELL_FLASH_CACHE DEFAULT);
--------------------------------------------------------
--  DDL for Table DASHBOARD
--------------------------------------------------------

  CREATE TABLE "DASHBOARD" 
   (	"ACTIVITYID" NUMBER, 
	"ACTIVITYTYPE" VARCHAR2(50 BYTE), 
	"USERID" NUMBER, 
	"DESCRIPTION" VARCHAR2(255 BYTE), 
	"STATUS" VARCHAR2(50 BYTE), 
	"ACTIVITYDATE" TIMESTAMP (6)
   ) SEGMENT CREATION DEFERRED 
  PCTFREE 10 PCTUSED 40 INITRANS 1 MAXTRANS 255 
 NOCOMPRESS LOGGING;
--------------------------------------------------------
--  DDL for Table MAINTENANCESCHEDULE
--------------------------------------------------------

  CREATE TABLE "MAINTENANCESCHEDULE" 
   (	"SCHEDULEID" NUMBER, 
	"VEHICLEID" NUMBER, 
	"SCHEDULEDDATE" DATE, 
	"SERVICETYPE" VARCHAR2(50 BYTE)
   ) SEGMENT CREATION IMMEDIATE 
  PCTFREE 10 PCTUSED 40 INITRANS 1 MAXTRANS 255 
 NOCOMPRESS LOGGING
  STORAGE(INITIAL 65536 NEXT 1048576 MINEXTENTS 1 MAXEXTENTS 2147483645
  PCTINCREASE 0 FREELISTS 1 FREELIST GROUPS 1
  BUFFER_POOL DEFAULT FLASH_CACHE DEFAULT CELL_FLASH_CACHE DEFAULT);
--------------------------------------------------------
--  DDL for Table MECHANIC
--------------------------------------------------------

  CREATE TABLE "MECHANIC" 
   (	"MECHANICID" NUMBER, 
	"NAME" VARCHAR2(50 BYTE), 
	"CONTACTINFO" VARCHAR2(100 BYTE)
   ) SEGMENT CREATION IMMEDIATE 
  PCTFREE 10 PCTUSED 40 INITRANS 1 MAXTRANS 255 
 NOCOMPRESS LOGGING
  STORAGE(INITIAL 65536 NEXT 1048576 MINEXTENTS 1 MAXEXTENTS 2147483645
  PCTINCREASE 0 FREELISTS 1 FREELIST GROUPS 1
  BUFFER_POOL DEFAULT FLASH_CACHE DEFAULT CELL_FLASH_CACHE DEFAULT);
--------------------------------------------------------
--  DDL for Table REPORT
--------------------------------------------------------

  CREATE TABLE "REPORT" 
   (	"REPORTID" NUMBER, 
	"VEHICLEID" NUMBER, 
	"REPORTTYPE" VARCHAR2(50 BYTE), 
	"GENERATEDDATE" DATE, 
	"SEARCHABLEINDEX" VARCHAR2(100 BYTE)
   ) SEGMENT CREATION DEFERRED 
  PCTFREE 10 PCTUSED 40 INITRANS 1 MAXTRANS 255 
 NOCOMPRESS LOGGING;
--------------------------------------------------------
--  DDL for Table ROLE
--------------------------------------------------------

  CREATE TABLE "ROLE" 
   (	"ROLEID" NUMBER, 
	"ROLENAME" VARCHAR2(50 BYTE)
   ) SEGMENT CREATION IMMEDIATE 
  PCTFREE 10 PCTUSED 40 INITRANS 1 MAXTRANS 255 
 NOCOMPRESS LOGGING
  STORAGE(INITIAL 65536 NEXT 1048576 MINEXTENTS 1 MAXEXTENTS 2147483645
  PCTINCREASE 0 FREELISTS 1 FREELIST GROUPS 1
  BUFFER_POOL DEFAULT FLASH_CACHE DEFAULT CELL_FLASH_CACHE DEFAULT);
--------------------------------------------------------
--  DDL for Table SERVICERECORD
--------------------------------------------------------

  CREATE TABLE "SERVICERECORD" 
   (	"SERVICEID" NUMBER, 
	"VEHICLEID" NUMBER, 
	"SERVICEDATE" DATE, 
	"DESCRIPTION" VARCHAR2(255 BYTE), 
	"MECHANICID" NUMBER, 
	"STATUS" VARCHAR2(50 BYTE)
   ) SEGMENT CREATION IMMEDIATE 
  PCTFREE 10 PCTUSED 40 INITRANS 1 MAXTRANS 255 
 NOCOMPRESS LOGGING
  STORAGE(INITIAL 65536 NEXT 1048576 MINEXTENTS 1 MAXEXTENTS 2147483645
  PCTINCREASE 0 FREELISTS 1 FREELIST GROUPS 1
  BUFFER_POOL DEFAULT FLASH_CACHE DEFAULT CELL_FLASH_CACHE DEFAULT);
--------------------------------------------------------
--  DDL for Table USERMECHANICMAPPING
--------------------------------------------------------

  CREATE TABLE "USERMECHANICMAPPING" 
   (	"USERID" NUMBER, 
	"MECHANICID" NUMBER
   ) SEGMENT CREATION IMMEDIATE 
  PCTFREE 10 PCTUSED 40 INITRANS 1 MAXTRANS 255 
 NOCOMPRESS LOGGING
  STORAGE(INITIAL 65536 NEXT 1048576 MINEXTENTS 1 MAXEXTENTS 2147483645
  PCTINCREASE 0 FREELISTS 1 FREELIST GROUPS 1
  BUFFER_POOL DEFAULT FLASH_CACHE DEFAULT CELL_FLASH_CACHE DEFAULT);
--------------------------------------------------------
--  DDL for Table USERROLE
--------------------------------------------------------

  CREATE TABLE "USERROLE" 
   (	"USERID" NUMBER, 
	"ROLEID" NUMBER
   ) SEGMENT CREATION DEFERRED 
  PCTFREE 10 PCTUSED 40 INITRANS 1 MAXTRANS 255 
 NOCOMPRESS LOGGING;
--------------------------------------------------------
--  DDL for Table USERS
--------------------------------------------------------

  CREATE TABLE "USERS" 
   (	"USERID" NUMBER, 
	"USERNAME" VARCHAR2(50 BYTE), 
	"PASSWORD" VARCHAR2(50 BYTE), 
	"EMAIL" VARCHAR2(100 BYTE), 
	"ROLEID" NUMBER
   ) SEGMENT CREATION IMMEDIATE 
  PCTFREE 10 PCTUSED 40 INITRANS 1 MAXTRANS 255 
 NOCOMPRESS LOGGING
  STORAGE(INITIAL 65536 NEXT 1048576 MINEXTENTS 1 MAXEXTENTS 2147483645
  PCTINCREASE 0 FREELISTS 1 FREELIST GROUPS 1
  BUFFER_POOL DEFAULT FLASH_CACHE DEFAULT CELL_FLASH_CACHE DEFAULT);
--------------------------------------------------------
--  DDL for Table VEHICLE
--------------------------------------------------------

  CREATE TABLE "VEHICLE" 
   (	"VEHICLEID" NUMBER, 
	"MAKE" VARCHAR2(50 BYTE), 
	"MODEL" VARCHAR2(50 BYTE), 
	"YEAR" NUMBER, 
	"LICENSEPLATE" VARCHAR2(15 BYTE), 
	"OWNERID" NUMBER
   ) SEGMENT CREATION IMMEDIATE 
  PCTFREE 10 PCTUSED 40 INITRANS 1 MAXTRANS 255 
 NOCOMPRESS LOGGING
  STORAGE(INITIAL 65536 NEXT 1048576 MINEXTENTS 1 MAXEXTENTS 2147483645
  PCTINCREASE 0 FREELISTS 1 FREELIST GROUPS 1
  BUFFER_POOL DEFAULT FLASH_CACHE DEFAULT CELL_FLASH_CACHE DEFAULT);
REM INSERTING into CUSTOMERS
SET DEFINE OFF;
Insert into CUSTOMERS (CUSTOMERID,NAME,EMAIL,PHONE) values (64,'Alex Scorn','scorn@gmail.com','416 567 7654');
Insert into CUSTOMERS (CUSTOMERID,NAME,EMAIL,PHONE) values (120,'Slade Sahoye','slade@gmail.com','456 454 5678');
Insert into CUSTOMERS (CUSTOMERID,NAME,EMAIL,PHONE) values (142,'Joe Brown','joe@live.com','(647) 983-6675');
Insert into CUSTOMERS (CUSTOMERID,NAME,EMAIL,PHONE) values (2,'Emily Johnson','emily.j@email.com','(416) 555-0102');
Insert into CUSTOMERS (CUSTOMERID,NAME,EMAIL,PHONE) values (3,'David Brown','david.brown@email.com','(416) 555-0103');
Insert into CUSTOMERS (CUSTOMERID,NAME,EMAIL,PHONE) values (4,'Sarah Davis','sarah.davis@email.com','(416) 555-0104');
Insert into CUSTOMERS (CUSTOMERID,NAME,EMAIL,PHONE) values (5,'James Wilson','james.wilson@email.com','(416) 555-0105');
REM INSERTING into DASHBOARD
SET DEFINE OFF;
REM INSERTING into MAINTENANCESCHEDULE
SET DEFINE OFF;
Insert into MAINTENANCESCHEDULE (SCHEDULEID,VEHICLEID,SCHEDULEDDATE,SERVICETYPE) values (3,3,to_date('25-05-01','RR-MM-DD'),'Brake Inspection');
Insert into MAINTENANCESCHEDULE (SCHEDULEID,VEHICLEID,SCHEDULEDDATE,SERVICETYPE) values (4,4,to_date('25-05-15','RR-MM-DD'),'Oil Change');
Insert into MAINTENANCESCHEDULE (SCHEDULEID,VEHICLEID,SCHEDULEDDATE,SERVICETYPE) values (5,5,to_date('25-06-01','RR-MM-DD'),'Battery Check');
REM INSERTING into MECHANIC
SET DEFINE OFF;
Insert into MECHANIC (MECHANICID,NAME,CONTACTINFO) values (3,'Alice Mech','alice@mech.com');
Insert into MECHANIC (MECHANICID,NAME,CONTACTINFO) values (2,'Bob Mech','bob@mech.com');
Insert into MECHANIC (MECHANICID,NAME,CONTACTINFO) values (1,'Jane Mech','jane@mech.com');
REM INSERTING into REPORT
SET DEFINE OFF;
REM INSERTING into ROLE
SET DEFINE OFF;
Insert into ROLE (ROLEID,ROLENAME) values (1,'Admin');
Insert into ROLE (ROLEID,ROLENAME) values (2,'Employee');
REM INSERTING into SERVICERECORD
SET DEFINE OFF;
Insert into SERVICERECORD (SERVICEID,VEHICLEID,SERVICEDATE,DESCRIPTION,MECHANICID,STATUS) values (42,80,to_date('25-04-09','RR-MM-DD'),'Transmission Replacement',1,'Completed');
Insert into SERVICERECORD (SERVICEID,VEHICLEID,SERVICEDATE,DESCRIPTION,MECHANICID,STATUS) values (82,82,to_date('25-04-11','RR-MM-DD'),'Oil Change',3,'Completed');
Insert into SERVICERECORD (SERVICEID,VEHICLEID,SERVICEDATE,DESCRIPTION,MECHANICID,STATUS) values (44,80,to_date('25-04-08','RR-MM-DD'),'Oil Change',1,'Completed');
Insert into SERVICERECORD (SERVICEID,VEHICLEID,SERVICEDATE,DESCRIPTION,MECHANICID,STATUS) values (122,102,to_date('25-04-18','RR-MM-DD'),'Battery Replacement',2,'Pending');
Insert into SERVICERECORD (SERVICEID,VEHICLEID,SERVICEDATE,DESCRIPTION,MECHANICID,STATUS) values (102,80,to_date('25-04-14','RR-MM-DD'),'Oil Change',3,'Completed');
Insert into SERVICERECORD (SERVICEID,VEHICLEID,SERVICEDATE,DESCRIPTION,MECHANICID,STATUS) values (4,3,to_date('25-03-05','RR-MM-DD'),'Transmission Check',2,'Pending');
Insert into SERVICERECORD (SERVICEID,VEHICLEID,SERVICEDATE,DESCRIPTION,MECHANICID,STATUS) values (5,4,to_date('25-02-20','RR-MM-DD'),'Oil Change',2,'Completed');
Insert into SERVICERECORD (SERVICEID,VEHICLEID,SERVICEDATE,DESCRIPTION,MECHANICID,STATUS) values (6,5,to_date('25-03-10','RR-MM-DD'),'Battery Replacement',3,'Ongoing');
Insert into SERVICERECORD (SERVICEID,VEHICLEID,SERVICEDATE,DESCRIPTION,MECHANICID,STATUS) values (7,6,to_date('25-03-12','RR-MM-DD'),'Tire Rotation',3,'Pending');
Insert into SERVICERECORD (SERVICEID,VEHICLEID,SERVICEDATE,DESCRIPTION,MECHANICID,STATUS) values (10,3,to_date('25-02-15','RR-MM-DD'),'Engine Tune-Up',3,'Completed');
REM INSERTING into USERMECHANICMAPPING
SET DEFINE OFF;
Insert into USERMECHANICMAPPING (USERID,MECHANICID) values (2,1);
Insert into USERMECHANICMAPPING (USERID,MECHANICID) values (3,2);
Insert into USERMECHANICMAPPING (USERID,MECHANICID) values (4,3);
REM INSERTING into USERROLE
SET DEFINE OFF;
REM INSERTING into USERS
SET DEFINE OFF;
Insert into USERS (USERID,USERNAME,PASSWORD,EMAIL,ROLEID) values (1,'john_admin','password123','john@admin.com',1);
Insert into USERS (USERID,USERNAME,PASSWORD,EMAIL,ROLEID) values (2,'jane_mech','password','jane@mech.com',2);
Insert into USERS (USERID,USERNAME,PASSWORD,EMAIL,ROLEID) values (3,'bob_mech','password','bob@mech.com',2);
Insert into USERS (USERID,USERNAME,PASSWORD,EMAIL,ROLEID) values (4,'alice_mech','password','alice@mech.com',2);
REM INSERTING into VEHICLE
SET DEFINE OFF;
Insert into VEHICLE (VEHICLEID,MAKE,MODEL,YEAR,LICENSEPLATE,OWNERID) values (102,'Honda','Civic',2021,'DFG456',142);
Insert into VEHICLE (VEHICLEID,MAKE,MODEL,YEAR,LICENSEPLATE,OWNERID) values (80,'Ford','Escape',2015,'WED367',64);
Insert into VEHICLE (VEHICLEID,MAKE,MODEL,YEAR,LICENSEPLATE,OWNERID) values (82,'Toyota','Camry',2005,'ERT456',120);
Insert into VEHICLE (VEHICLEID,MAKE,MODEL,YEAR,LICENSEPLATE,OWNERID) values (3,'Ford','F-150',2018,'DEF789',2);
Insert into VEHICLE (VEHICLEID,MAKE,MODEL,YEAR,LICENSEPLATE,OWNERID) values (4,'Honda','Civic',2021,'GHI012',3);
Insert into VEHICLE (VEHICLEID,MAKE,MODEL,YEAR,LICENSEPLATE,OWNERID) values (5,'Nissan','Altima',2017,'JKL345',4);
Insert into VEHICLE (VEHICLEID,MAKE,MODEL,YEAR,LICENSEPLATE,OWNERID) values (6,'Honda','Civic',2021,'MNO678',5);
--------------------------------------------------------
--  DDL for Index SYS_C001160023
--------------------------------------------------------

  CREATE UNIQUE INDEX "SYS_C001160023" ON "CUSTOMERS" ("CUSTOMERID") 
  PCTFREE 10 INITRANS 2 MAXTRANS 255 COMPUTE STATISTICS 
  STORAGE(INITIAL 65536 NEXT 1048576 MINEXTENTS 1 MAXEXTENTS 2147483645
  PCTINCREASE 0 FREELISTS 1 FREELIST GROUPS 1
  BUFFER_POOL DEFAULT FLASH_CACHE DEFAULT CELL_FLASH_CACHE DEFAULT);
--------------------------------------------------------
--  DDL for Index SYS_C001160024
--------------------------------------------------------

  CREATE UNIQUE INDEX "SYS_C001160024" ON "CUSTOMERS" ("EMAIL") 
  PCTFREE 10 INITRANS 2 MAXTRANS 255 COMPUTE STATISTICS 
  STORAGE(INITIAL 65536 NEXT 1048576 MINEXTENTS 1 MAXEXTENTS 2147483645
  PCTINCREASE 0 FREELISTS 1 FREELIST GROUPS 1
  BUFFER_POOL DEFAULT FLASH_CACHE DEFAULT CELL_FLASH_CACHE DEFAULT);
--------------------------------------------------------
--  DDL for Index SYS_C001160056
--------------------------------------------------------

  CREATE UNIQUE INDEX "SYS_C001160056" ON "DASHBOARD" ("ACTIVITYID") 
  PCTFREE 10 INITRANS 2 MAXTRANS 255 COMPUTE STATISTICS;
--------------------------------------------------------
--  DDL for Index SYS_C001160045
--------------------------------------------------------

  CREATE UNIQUE INDEX "SYS_C001160045" ON "MAINTENANCESCHEDULE" ("SCHEDULEID") 
  PCTFREE 10 INITRANS 2 MAXTRANS 255 COMPUTE STATISTICS 
  STORAGE(INITIAL 65536 NEXT 1048576 MINEXTENTS 1 MAXEXTENTS 2147483645
  PCTINCREASE 0 FREELISTS 1 FREELIST GROUPS 1
  BUFFER_POOL DEFAULT FLASH_CACHE DEFAULT CELL_FLASH_CACHE DEFAULT);
--------------------------------------------------------
--  DDL for Index SYS_C001160034
--------------------------------------------------------

  CREATE UNIQUE INDEX "SYS_C001160034" ON "MECHANIC" ("MECHANICID") 
  PCTFREE 10 INITRANS 2 MAXTRANS 255 COMPUTE STATISTICS 
  STORAGE(INITIAL 65536 NEXT 1048576 MINEXTENTS 1 MAXEXTENTS 2147483645
  PCTINCREASE 0 FREELISTS 1 FREELIST GROUPS 1
  BUFFER_POOL DEFAULT FLASH_CACHE DEFAULT CELL_FLASH_CACHE DEFAULT);
--------------------------------------------------------
--  DDL for Index UNIQUE_NAME_EMAIL
--------------------------------------------------------

  CREATE UNIQUE INDEX "UNIQUE_NAME_EMAIL" ON "MECHANIC" ("NAME", "CONTACTINFO") 
  PCTFREE 10 INITRANS 2 MAXTRANS 255 COMPUTE STATISTICS 
  STORAGE(INITIAL 65536 NEXT 1048576 MINEXTENTS 1 MAXEXTENTS 2147483645
  PCTINCREASE 0 FREELISTS 1 FREELIST GROUPS 1
  BUFFER_POOL DEFAULT FLASH_CACHE DEFAULT CELL_FLASH_CACHE DEFAULT);
--------------------------------------------------------
--  DDL for Index SYS_C001160050
--------------------------------------------------------

  CREATE UNIQUE INDEX "SYS_C001160050" ON "REPORT" ("REPORTID") 
  PCTFREE 10 INITRANS 2 MAXTRANS 255 COMPUTE STATISTICS;
--------------------------------------------------------
--  DDL for Index SYS_C001160009
--------------------------------------------------------

  CREATE UNIQUE INDEX "SYS_C001160009" ON "ROLE" ("ROLEID") 
  PCTFREE 10 INITRANS 2 MAXTRANS 255 COMPUTE STATISTICS 
  STORAGE(INITIAL 65536 NEXT 1048576 MINEXTENTS 1 MAXEXTENTS 2147483645
  PCTINCREASE 0 FREELISTS 1 FREELIST GROUPS 1
  BUFFER_POOL DEFAULT FLASH_CACHE DEFAULT CELL_FLASH_CACHE DEFAULT);
--------------------------------------------------------
--  DDL for Index SYS_C001160010
--------------------------------------------------------

  CREATE UNIQUE INDEX "SYS_C001160010" ON "ROLE" ("ROLENAME") 
  PCTFREE 10 INITRANS 2 MAXTRANS 255 COMPUTE STATISTICS 
  STORAGE(INITIAL 65536 NEXT 1048576 MINEXTENTS 1 MAXEXTENTS 2147483645
  PCTINCREASE 0 FREELISTS 1 FREELIST GROUPS 1
  BUFFER_POOL DEFAULT FLASH_CACHE DEFAULT CELL_FLASH_CACHE DEFAULT);
--------------------------------------------------------
--  DDL for Index SYS_C001160039
--------------------------------------------------------

  CREATE UNIQUE INDEX "SYS_C001160039" ON "SERVICERECORD" ("SERVICEID") 
  PCTFREE 10 INITRANS 2 MAXTRANS 255 COMPUTE STATISTICS 
  STORAGE(INITIAL 65536 NEXT 1048576 MINEXTENTS 1 MAXEXTENTS 2147483645
  PCTINCREASE 0 FREELISTS 1 FREELIST GROUPS 1
  BUFFER_POOL DEFAULT FLASH_CACHE DEFAULT CELL_FLASH_CACHE DEFAULT);
--------------------------------------------------------
--  DDL for Index PK_USERMECHANIC
--------------------------------------------------------

  CREATE UNIQUE INDEX "PK_USERMECHANIC" ON "USERMECHANICMAPPING" ("USERID") 
  PCTFREE 10 INITRANS 2 MAXTRANS 255 COMPUTE STATISTICS 
  STORAGE(INITIAL 65536 NEXT 1048576 MINEXTENTS 1 MAXEXTENTS 2147483645
  PCTINCREASE 0 FREELISTS 1 FREELIST GROUPS 1
  BUFFER_POOL DEFAULT FLASH_CACHE DEFAULT CELL_FLASH_CACHE DEFAULT);
--------------------------------------------------------
--  DDL for Index SYS_C001160019
--------------------------------------------------------

  CREATE UNIQUE INDEX "SYS_C001160019" ON "USERROLE" ("USERID", "ROLEID") 
  PCTFREE 10 INITRANS 2 MAXTRANS 255 COMPUTE STATISTICS;
--------------------------------------------------------
--  DDL for Index SYS_C001160015
--------------------------------------------------------

  CREATE UNIQUE INDEX "SYS_C001160015" ON "USERS" ("USERID") 
  PCTFREE 10 INITRANS 2 MAXTRANS 255 COMPUTE STATISTICS 
  STORAGE(INITIAL 65536 NEXT 1048576 MINEXTENTS 1 MAXEXTENTS 2147483645
  PCTINCREASE 0 FREELISTS 1 FREELIST GROUPS 1
  BUFFER_POOL DEFAULT FLASH_CACHE DEFAULT CELL_FLASH_CACHE DEFAULT);
--------------------------------------------------------
--  DDL for Index SYS_C001160016
--------------------------------------------------------

  CREATE UNIQUE INDEX "SYS_C001160016" ON "USERS" ("USERNAME") 
  PCTFREE 10 INITRANS 2 MAXTRANS 255 COMPUTE STATISTICS 
  STORAGE(INITIAL 65536 NEXT 1048576 MINEXTENTS 1 MAXEXTENTS 2147483645
  PCTINCREASE 0 FREELISTS 1 FREELIST GROUPS 1
  BUFFER_POOL DEFAULT FLASH_CACHE DEFAULT CELL_FLASH_CACHE DEFAULT);
--------------------------------------------------------
--  DDL for Index SYS_C001160017
--------------------------------------------------------

  CREATE UNIQUE INDEX "SYS_C001160017" ON "USERS" ("EMAIL") 
  PCTFREE 10 INITRANS 2 MAXTRANS 255 COMPUTE STATISTICS 
  STORAGE(INITIAL 65536 NEXT 1048576 MINEXTENTS 1 MAXEXTENTS 2147483645
  PCTINCREASE 0 FREELISTS 1 FREELIST GROUPS 1
  BUFFER_POOL DEFAULT FLASH_CACHE DEFAULT CELL_FLASH_CACHE DEFAULT);
--------------------------------------------------------
--  DDL for Index SYS_C001160030
--------------------------------------------------------

  CREATE UNIQUE INDEX "SYS_C001160030" ON "VEHICLE" ("VEHICLEID") 
  PCTFREE 10 INITRANS 2 MAXTRANS 255 COMPUTE STATISTICS 
  STORAGE(INITIAL 65536 NEXT 1048576 MINEXTENTS 1 MAXEXTENTS 2147483645
  PCTINCREASE 0 FREELISTS 1 FREELIST GROUPS 1
  BUFFER_POOL DEFAULT FLASH_CACHE DEFAULT CELL_FLASH_CACHE DEFAULT);
--------------------------------------------------------
--  DDL for Index SYS_C001160031
--------------------------------------------------------

  CREATE UNIQUE INDEX "SYS_C001160031" ON "VEHICLE" ("LICENSEPLATE") 
  PCTFREE 10 INITRANS 2 MAXTRANS 255 COMPUTE STATISTICS 
  STORAGE(INITIAL 65536 NEXT 1048576 MINEXTENTS 1 MAXEXTENTS 2147483645
  PCTINCREASE 0 FREELISTS 1 FREELIST GROUPS 1
  BUFFER_POOL DEFAULT FLASH_CACHE DEFAULT CELL_FLASH_CACHE DEFAULT);
--------------------------------------------------------
--  DDL for Trigger CUSTOMERS_BI
--------------------------------------------------------

  CREATE OR REPLACE EDITIONABLE TRIGGER "CUSTOMERS_BI" 
BEFORE INSERT ON Customers
FOR EACH ROW
BEGIN
    SELECT Customers_SEQ.NEXTVAL INTO :NEW.CustomerID FROM DUAL;
END;

/
ALTER TRIGGER "CUSTOMERS_BI" ENABLE;
--------------------------------------------------------
--  DDL for Trigger DASHBOARD_BI
--------------------------------------------------------

  CREATE OR REPLACE EDITIONABLE TRIGGER "DASHBOARD_BI" 
BEFORE INSERT ON Dashboard
FOR EACH ROW
BEGIN
    SELECT Dashboard_SEQ.NEXTVAL INTO :NEW.ActivityID FROM DUAL;
END;

/
ALTER TRIGGER "DASHBOARD_BI" ENABLE;
--------------------------------------------------------
--  DDL for Trigger MAINTENANCESCHEDULE_BI
--------------------------------------------------------

  CREATE OR REPLACE EDITIONABLE TRIGGER "MAINTENANCESCHEDULE_BI" 
BEFORE INSERT ON MaintenanceSchedule
FOR EACH ROW
BEGIN
    SELECT MaintenanceSchedule_SEQ.NEXTVAL INTO :NEW.ScheduleID FROM DUAL;
END;

/
ALTER TRIGGER "MAINTENANCESCHEDULE_BI" ENABLE;
--------------------------------------------------------
--  DDL for Trigger MECHANIC_BI
--------------------------------------------------------

  CREATE OR REPLACE EDITIONABLE TRIGGER "MECHANIC_BI" 
BEFORE INSERT ON Mechanic
FOR EACH ROW
BEGIN
    SELECT Mechanic_SEQ.NEXTVAL INTO :NEW.MechanicID FROM DUAL;
END;

/
ALTER TRIGGER "MECHANIC_BI" ENABLE;
--------------------------------------------------------
--  DDL for Trigger REPORT_BI
--------------------------------------------------------

  CREATE OR REPLACE EDITIONABLE TRIGGER "REPORT_BI" 
BEFORE INSERT ON Report
FOR EACH ROW
BEGIN
    SELECT Report_SEQ.NEXTVAL INTO :NEW.ReportID FROM DUAL;
END;

/
ALTER TRIGGER "REPORT_BI" ENABLE;
--------------------------------------------------------
--  DDL for Trigger ROLE_BI
--------------------------------------------------------

  CREATE OR REPLACE EDITIONABLE TRIGGER "ROLE_BI" 
BEFORE INSERT ON Role
FOR EACH ROW
BEGIN
    SELECT Role_SEQ.NEXTVAL INTO :NEW.RoleID FROM DUAL;
END;

/
ALTER TRIGGER "ROLE_BI" ENABLE;
--------------------------------------------------------
--  DDL for Trigger SERVICERECORD_BI
--------------------------------------------------------

  CREATE OR REPLACE EDITIONABLE TRIGGER "SERVICERECORD_BI" 
BEFORE INSERT ON ServiceRecord
FOR EACH ROW
BEGIN
    SELECT ServiceRecord_SEQ.NEXTVAL INTO :NEW.ServiceID FROM DUAL;
END;

/
ALTER TRIGGER "SERVICERECORD_BI" ENABLE;
--------------------------------------------------------
--  DDL for Trigger USERS_BI
--------------------------------------------------------

  CREATE OR REPLACE EDITIONABLE TRIGGER "USERS_BI" 
BEFORE INSERT ON Users
FOR EACH ROW
BEGIN
    SELECT Users_SEQ.NEXTVAL INTO :NEW.UserID FROM DUAL;
END;

/
ALTER TRIGGER "USERS_BI" ENABLE;
--------------------------------------------------------
--  DDL for Trigger VEHICLE_BI
--------------------------------------------------------

  CREATE OR REPLACE EDITIONABLE TRIGGER "VEHICLE_BI" 
BEFORE INSERT ON Vehicle
FOR EACH ROW
BEGIN
    SELECT Vehicle_SEQ.NEXTVAL INTO :NEW.VehicleID FROM DUAL;
END;

/
ALTER TRIGGER "VEHICLE_BI" ENABLE;
--------------------------------------------------------
--  Constraints for Table CUSTOMERS
--------------------------------------------------------

  ALTER TABLE "CUSTOMERS" MODIFY ("NAME" NOT NULL ENABLE);
  ALTER TABLE "CUSTOMERS" ADD PRIMARY KEY ("CUSTOMERID")
  USING INDEX PCTFREE 10 INITRANS 2 MAXTRANS 255 COMPUTE STATISTICS 
  STORAGE(INITIAL 65536 NEXT 1048576 MINEXTENTS 1 MAXEXTENTS 2147483645
  PCTINCREASE 0 FREELISTS 1 FREELIST GROUPS 1
  BUFFER_POOL DEFAULT FLASH_CACHE DEFAULT CELL_FLASH_CACHE DEFAULT) ENABLE;
  ALTER TABLE "CUSTOMERS" ADD UNIQUE ("EMAIL")
  USING INDEX PCTFREE 10 INITRANS 2 MAXTRANS 255 COMPUTE STATISTICS 
  STORAGE(INITIAL 65536 NEXT 1048576 MINEXTENTS 1 MAXEXTENTS 2147483645
  PCTINCREASE 0 FREELISTS 1 FREELIST GROUPS 1
  BUFFER_POOL DEFAULT FLASH_CACHE DEFAULT CELL_FLASH_CACHE DEFAULT) ENABLE;
--------------------------------------------------------
--  Constraints for Table DASHBOARD
--------------------------------------------------------

  ALTER TABLE "DASHBOARD" MODIFY ("ACTIVITYTYPE" NOT NULL ENABLE);
  ALTER TABLE "DASHBOARD" MODIFY ("USERID" NOT NULL ENABLE);
  ALTER TABLE "DASHBOARD" MODIFY ("STATUS" NOT NULL ENABLE);
  ALTER TABLE "DASHBOARD" MODIFY ("ACTIVITYDATE" NOT NULL ENABLE);
  ALTER TABLE "DASHBOARD" ADD PRIMARY KEY ("ACTIVITYID")
  USING INDEX PCTFREE 10 INITRANS 2 MAXTRANS 255 COMPUTE STATISTICS ENABLE;
--------------------------------------------------------
--  Constraints for Table MAINTENANCESCHEDULE
--------------------------------------------------------

  ALTER TABLE "MAINTENANCESCHEDULE" MODIFY ("VEHICLEID" NOT NULL ENABLE);
  ALTER TABLE "MAINTENANCESCHEDULE" MODIFY ("SCHEDULEDDATE" NOT NULL ENABLE);
  ALTER TABLE "MAINTENANCESCHEDULE" MODIFY ("SERVICETYPE" NOT NULL ENABLE);
  ALTER TABLE "MAINTENANCESCHEDULE" ADD PRIMARY KEY ("SCHEDULEID")
  USING INDEX PCTFREE 10 INITRANS 2 MAXTRANS 255 COMPUTE STATISTICS 
  STORAGE(INITIAL 65536 NEXT 1048576 MINEXTENTS 1 MAXEXTENTS 2147483645
  PCTINCREASE 0 FREELISTS 1 FREELIST GROUPS 1
  BUFFER_POOL DEFAULT FLASH_CACHE DEFAULT CELL_FLASH_CACHE DEFAULT) ENABLE;
--------------------------------------------------------
--  Constraints for Table MECHANIC
--------------------------------------------------------

  ALTER TABLE "MECHANIC" MODIFY ("NAME" NOT NULL ENABLE);
  ALTER TABLE "MECHANIC" ADD PRIMARY KEY ("MECHANICID")
  USING INDEX PCTFREE 10 INITRANS 2 MAXTRANS 255 COMPUTE STATISTICS 
  STORAGE(INITIAL 65536 NEXT 1048576 MINEXTENTS 1 MAXEXTENTS 2147483645
  PCTINCREASE 0 FREELISTS 1 FREELIST GROUPS 1
  BUFFER_POOL DEFAULT FLASH_CACHE DEFAULT CELL_FLASH_CACHE DEFAULT) ENABLE;
  ALTER TABLE "MECHANIC" ADD CONSTRAINT "UNIQUE_NAME_EMAIL" UNIQUE ("NAME", "CONTACTINFO")
  USING INDEX PCTFREE 10 INITRANS 2 MAXTRANS 255 COMPUTE STATISTICS 
  STORAGE(INITIAL 65536 NEXT 1048576 MINEXTENTS 1 MAXEXTENTS 2147483645
  PCTINCREASE 0 FREELISTS 1 FREELIST GROUPS 1
  BUFFER_POOL DEFAULT FLASH_CACHE DEFAULT CELL_FLASH_CACHE DEFAULT) ENABLE;
--------------------------------------------------------
--  Constraints for Table REPORT
--------------------------------------------------------

  ALTER TABLE "REPORT" MODIFY ("VEHICLEID" NOT NULL ENABLE);
  ALTER TABLE "REPORT" MODIFY ("REPORTTYPE" NOT NULL ENABLE);
  ALTER TABLE "REPORT" MODIFY ("GENERATEDDATE" NOT NULL ENABLE);
  ALTER TABLE "REPORT" ADD PRIMARY KEY ("REPORTID")
  USING INDEX PCTFREE 10 INITRANS 2 MAXTRANS 255 COMPUTE STATISTICS ENABLE;
--------------------------------------------------------
--  Constraints for Table ROLE
--------------------------------------------------------

  ALTER TABLE "ROLE" MODIFY ("ROLENAME" NOT NULL ENABLE);
  ALTER TABLE "ROLE" ADD PRIMARY KEY ("ROLEID")
  USING INDEX PCTFREE 10 INITRANS 2 MAXTRANS 255 COMPUTE STATISTICS 
  STORAGE(INITIAL 65536 NEXT 1048576 MINEXTENTS 1 MAXEXTENTS 2147483645
  PCTINCREASE 0 FREELISTS 1 FREELIST GROUPS 1
  BUFFER_POOL DEFAULT FLASH_CACHE DEFAULT CELL_FLASH_CACHE DEFAULT) ENABLE;
  ALTER TABLE "ROLE" ADD UNIQUE ("ROLENAME")
  USING INDEX PCTFREE 10 INITRANS 2 MAXTRANS 255 COMPUTE STATISTICS 
  STORAGE(INITIAL 65536 NEXT 1048576 MINEXTENTS 1 MAXEXTENTS 2147483645
  PCTINCREASE 0 FREELISTS 1 FREELIST GROUPS 1
  BUFFER_POOL DEFAULT FLASH_CACHE DEFAULT CELL_FLASH_CACHE DEFAULT) ENABLE;
--------------------------------------------------------
--  Constraints for Table SERVICERECORD
--------------------------------------------------------

  ALTER TABLE "SERVICERECORD" MODIFY ("VEHICLEID" NOT NULL ENABLE);
  ALTER TABLE "SERVICERECORD" MODIFY ("SERVICEDATE" NOT NULL ENABLE);
  ALTER TABLE "SERVICERECORD" MODIFY ("MECHANICID" NOT NULL ENABLE);
  ALTER TABLE "SERVICERECORD" MODIFY ("STATUS" NOT NULL ENABLE);
  ALTER TABLE "SERVICERECORD" ADD PRIMARY KEY ("SERVICEID")
  USING INDEX PCTFREE 10 INITRANS 2 MAXTRANS 255 COMPUTE STATISTICS 
  STORAGE(INITIAL 65536 NEXT 1048576 MINEXTENTS 1 MAXEXTENTS 2147483645
  PCTINCREASE 0 FREELISTS 1 FREELIST GROUPS 1
  BUFFER_POOL DEFAULT FLASH_CACHE DEFAULT CELL_FLASH_CACHE DEFAULT) ENABLE;
--------------------------------------------------------
--  Constraints for Table USERMECHANICMAPPING
--------------------------------------------------------

  ALTER TABLE "USERMECHANICMAPPING" ADD CONSTRAINT "PK_USERMECHANIC" PRIMARY KEY ("USERID")
  USING INDEX PCTFREE 10 INITRANS 2 MAXTRANS 255 COMPUTE STATISTICS 
  STORAGE(INITIAL 65536 NEXT 1048576 MINEXTENTS 1 MAXEXTENTS 2147483645
  PCTINCREASE 0 FREELISTS 1 FREELIST GROUPS 1
  BUFFER_POOL DEFAULT FLASH_CACHE DEFAULT CELL_FLASH_CACHE DEFAULT) ENABLE;
  ALTER TABLE "USERMECHANICMAPPING" MODIFY ("USERID" NOT NULL ENABLE);
  ALTER TABLE "USERMECHANICMAPPING" MODIFY ("MECHANICID" NOT NULL ENABLE);
--------------------------------------------------------
--  Constraints for Table USERROLE
--------------------------------------------------------

  ALTER TABLE "USERROLE" ADD PRIMARY KEY ("USERID", "ROLEID")
  USING INDEX PCTFREE 10 INITRANS 2 MAXTRANS 255 COMPUTE STATISTICS ENABLE;
--------------------------------------------------------
--  Constraints for Table USERS
--------------------------------------------------------

  ALTER TABLE "USERS" MODIFY ("USERNAME" NOT NULL ENABLE);
  ALTER TABLE "USERS" MODIFY ("PASSWORD" NOT NULL ENABLE);
  ALTER TABLE "USERS" MODIFY ("EMAIL" NOT NULL ENABLE);
  ALTER TABLE "USERS" MODIFY ("ROLEID" NOT NULL ENABLE);
  ALTER TABLE "USERS" ADD PRIMARY KEY ("USERID")
  USING INDEX PCTFREE 10 INITRANS 2 MAXTRANS 255 COMPUTE STATISTICS 
  STORAGE(INITIAL 65536 NEXT 1048576 MINEXTENTS 1 MAXEXTENTS 2147483645
  PCTINCREASE 0 FREELISTS 1 FREELIST GROUPS 1
  BUFFER_POOL DEFAULT FLASH_CACHE DEFAULT CELL_FLASH_CACHE DEFAULT) ENABLE;
  ALTER TABLE "USERS" ADD UNIQUE ("USERNAME")
  USING INDEX PCTFREE 10 INITRANS 2 MAXTRANS 255 COMPUTE STATISTICS 
  STORAGE(INITIAL 65536 NEXT 1048576 MINEXTENTS 1 MAXEXTENTS 2147483645
  PCTINCREASE 0 FREELISTS 1 FREELIST GROUPS 1
  BUFFER_POOL DEFAULT FLASH_CACHE DEFAULT CELL_FLASH_CACHE DEFAULT) ENABLE;
  ALTER TABLE "USERS" ADD UNIQUE ("EMAIL")
  USING INDEX PCTFREE 10 INITRANS 2 MAXTRANS 255 COMPUTE STATISTICS 
  STORAGE(INITIAL 65536 NEXT 1048576 MINEXTENTS 1 MAXEXTENTS 2147483645
  PCTINCREASE 0 FREELISTS 1 FREELIST GROUPS 1
  BUFFER_POOL DEFAULT FLASH_CACHE DEFAULT CELL_FLASH_CACHE DEFAULT) ENABLE;
--------------------------------------------------------
--  Constraints for Table VEHICLE
--------------------------------------------------------

  ALTER TABLE "VEHICLE" MODIFY ("MAKE" NOT NULL ENABLE);
  ALTER TABLE "VEHICLE" MODIFY ("MODEL" NOT NULL ENABLE);
  ALTER TABLE "VEHICLE" MODIFY ("YEAR" NOT NULL ENABLE);
  ALTER TABLE "VEHICLE" MODIFY ("LICENSEPLATE" NOT NULL ENABLE);
  ALTER TABLE "VEHICLE" MODIFY ("OWNERID" NOT NULL ENABLE);
  ALTER TABLE "VEHICLE" ADD PRIMARY KEY ("VEHICLEID")
  USING INDEX PCTFREE 10 INITRANS 2 MAXTRANS 255 COMPUTE STATISTICS 
  STORAGE(INITIAL 65536 NEXT 1048576 MINEXTENTS 1 MAXEXTENTS 2147483645
  PCTINCREASE 0 FREELISTS 1 FREELIST GROUPS 1
  BUFFER_POOL DEFAULT FLASH_CACHE DEFAULT CELL_FLASH_CACHE DEFAULT) ENABLE;
  ALTER TABLE "VEHICLE" ADD UNIQUE ("LICENSEPLATE")
  USING INDEX PCTFREE 10 INITRANS 2 MAXTRANS 255 COMPUTE STATISTICS 
  STORAGE(INITIAL 65536 NEXT 1048576 MINEXTENTS 1 MAXEXTENTS 2147483645
  PCTINCREASE 0 FREELISTS 1 FREELIST GROUPS 1
  BUFFER_POOL DEFAULT FLASH_CACHE DEFAULT CELL_FLASH_CACHE DEFAULT) ENABLE;
--------------------------------------------------------
--  Ref Constraints for Table DASHBOARD
--------------------------------------------------------

  ALTER TABLE "DASHBOARD" ADD FOREIGN KEY ("USERID")
	  REFERENCES "USERS" ("USERID") ON DELETE CASCADE ENABLE;
--------------------------------------------------------
--  Ref Constraints for Table MAINTENANCESCHEDULE
--------------------------------------------------------

  ALTER TABLE "MAINTENANCESCHEDULE" ADD FOREIGN KEY ("VEHICLEID")
	  REFERENCES "VEHICLE" ("VEHICLEID") ON DELETE CASCADE ENABLE;
--------------------------------------------------------
--  Ref Constraints for Table REPORT
--------------------------------------------------------

  ALTER TABLE "REPORT" ADD FOREIGN KEY ("VEHICLEID")
	  REFERENCES "VEHICLE" ("VEHICLEID") ON DELETE CASCADE ENABLE;
--------------------------------------------------------
--  Ref Constraints for Table SERVICERECORD
--------------------------------------------------------

  ALTER TABLE "SERVICERECORD" ADD FOREIGN KEY ("VEHICLEID")
	  REFERENCES "VEHICLE" ("VEHICLEID") ON DELETE CASCADE ENABLE;
  ALTER TABLE "SERVICERECORD" ADD FOREIGN KEY ("MECHANICID")
	  REFERENCES "MECHANIC" ("MECHANICID") ON DELETE SET NULL ENABLE;
--------------------------------------------------------
--  Ref Constraints for Table USERMECHANICMAPPING
--------------------------------------------------------

  ALTER TABLE "USERMECHANICMAPPING" ADD CONSTRAINT "FK_USERMECHANIC_MECHANIC" FOREIGN KEY ("MECHANICID")
	  REFERENCES "MECHANIC" ("MECHANICID") ENABLE;
  ALTER TABLE "USERMECHANICMAPPING" ADD CONSTRAINT "FK_USERMECHANIC_USER" FOREIGN KEY ("USERID")
	  REFERENCES "USERS" ("USERID") ENABLE;
--------------------------------------------------------
--  Ref Constraints for Table USERROLE
--------------------------------------------------------

  ALTER TABLE "USERROLE" ADD FOREIGN KEY ("USERID")
	  REFERENCES "USERS" ("USERID") ON DELETE CASCADE ENABLE;
  ALTER TABLE "USERROLE" ADD FOREIGN KEY ("ROLEID")
	  REFERENCES "ROLE" ("ROLEID") ON DELETE CASCADE ENABLE;
--------------------------------------------------------
--  Ref Constraints for Table USERS
--------------------------------------------------------

  ALTER TABLE "USERS" ADD FOREIGN KEY ("ROLEID")
	  REFERENCES "ROLE" ("ROLEID") ENABLE;
--------------------------------------------------------
--  Ref Constraints for Table VEHICLE
--------------------------------------------------------

  ALTER TABLE "VEHICLE" ADD FOREIGN KEY ("OWNERID")
	  REFERENCES "CUSTOMERS" ("CUSTOMERID") ENABLE;